arm,limit,round,oom_killed,peak_rss_kb,threads,cpu_usec,reqs_ok,reqs,dropped,p50_ms,p99_ms,host_busy_usec,arena_env,arenas,load1,subject_cpus,anon_kb,file_kb
A0,6m,1,true,,,-56763,0,2157,3844,0,0,34220000,,,0.37,,,
A0,6m,2,true,,,-41414,2,61,5939,0,5.844629999999994,25490000,,,0.46,,,
A0,64m,1,false,45312,87,21165737,6001,6001,0,2.188915,13.156729,63130000,2,0,1.53,0-3,16320,24288
A0b,64m,1,false,65748,80,20840678,6000,6000,0,2.2651355,16.26961688,38450000,2,0,1.58,0-3,16036,14444
A1,64m,1,false,49832,69,22355080,6001,6001,0,2.392126,11.501648,28120000,unset,60,1.20,0-3,24940,20624
C,64m,1,true,,,-118768,53,116,5885,0.6629325,15.839130349999992,4780000,,,0.79,,,
A0b,64m,2,false,39888,94,22670428,6001,6001,0,2.37971,12.874904,28300000,2,0,1.30,0-3,16388,18628
A1,64m,2,false,53036,108,22408024,6000,6000,0,2.3860355,11.713720160000006,28230000,unset,91,1.11,0-3,27532,19740
C,64m,2,true,,,-81387,38,102,5898,0,10.960333029999992,4500000,,,0.68,,,
A0,64m,2,false,38740,62,22697773,6001,6001,0,2.377901,12.430252,28540000,2,0,0.65,0-3,15404,19684
A1,64m,3,false,54132,109,21993778,6000,6000,0,2.4064875,11.596609470000013,27900000,unset,92,0.53,0-3,28740,19676
C,64m,3,true,,,-71655,54,116,5884,0.7270145,11.15010629999997,5090000,,,0.44,,,
A0,64m,3,false,65540,79,22127855,6001,6001,0,2.356405,16.120324,28200000,2,0,1.20,0-3,16048,16128
A0b,64m,3,false,41132,77,22777367,6001,6001,0,2.419462,12.038167,28030000,2,0,1.61,0-3,15828,21316
C,64m,4,true,,,-65666,48,113,5888,0,21.547280639999986,5420000,,,0.97,,,
A0,64m,4,false,43160,113,21578129,6001,6001,0,2.307848,13.192213,27830000,2,0,0.89,0-3,16664,21048
A0b,64m,4,false,39200,79,22962333,6001,6001,0,2.396223,12.11735,28170000,2,0,1.13,0-3,15896,19072
A1,64m,4,false,49600,69,21977170,6001,6001,0,2.426065,13.252453,29560000,unset,62,1.04,0-3,26560,18996
A0,64m,5,false,42244,78,22850137,6000,6000,0,2.367773,11.284138860000004,28290000,2,0,1.23,0-3,16020,21876
A0b,64m,5,false,65760,77,23019039,6000,6000,0,2.4110435,15.598537760000022,28910000,2,0,1.00,0-3,15976,16912
A1,64m,5,false,54016,68,22166564,6001,6001,0,2.431696,11.970616,28010000,unset,57,1.29,0-3,28916,21064
C,64m,5,true,,,-83428,51,114,5887,0,30.39550090000008,4820000,,,0.72,,,
A0b,64m,6,false,39212,64,22870446,6001,6001,0,2.375151,12.278133,29310000,2,0,0.74,0-3,15572,19724
A1,64m,6,false,54272,78,21725915,6001,6001,0,2.363835,11.086363,27180000,unset,66,0.86,0-3,30580,19668
C,64m,6,true,,,-66938,52,115,5886,0,21.320796159999993,3970000,,,0.48,,,
A0,64m,6,false,42660,115,22928629,6001,6001,0,2.378491,13.245633,28910000,2,0,0.67,0-3,16904,20388
