arm,limit,round,oom_killed,peak_rss_kb,threads,cpu_usec,reqs_ok,reqs,dropped,p50_ms,p99_ms,host_busy_usec,arena_env,arenas,load1,subject_cpus
A0,6m,1,true,,,-344698,0,4623,1378,0,0,82180000,,,1.74,
A0,6m,2,true,,,-104676,0,67,5933,0,13.827774500000015,25810000,,,1.25,
A0,64m,1,false,65556,87,36261834,6000,6000,1,9.614989,163.9821027800006,88680000,2,0,2.29,0-3
A0b,64m,1,false,65540,80,40637642,6001,6001,0,16.298392,209.620723,117160000,2,0,3.68,0-3
A1,64m,1,false,65720,79,33112170,6001,6001,0,9.285629,42.550517,42910000,unset,66,3.06,0-3
C,64m,1,true,,,-543933,2,87,5913,0,47.459477840000005,49530000,,,2.30,
A0b,64m,2,false,65688,79,44850903,5918,5918,83,26.186067,340.89001571999995,176150000,2,0,4.32,0-3
A1,64m,2,false,65548,115,43907164,4265,4265,1735,303.329737,780.055248,302000000,unset,101,7.49,0-3
C,64m,2,true,,,-241221,0,109,5892,0,46.02340112,128080000,,,6.55,
A0,64m,2,false,65720,88,42169212,6001,6001,0,16.884378,203.756144,136710000,2,0,6.16,0-3
A1,64m,3,false,65544,65,42117088,5795,5795,205,16.199508,484.15726820000134,98050000,unset,54,6.12,0-3
C,64m,3,true,,,-84261,18,90,5911,0,22.079020879999998,46770000,,,3.99,
A0,64m,3,false,65572,61,39130890,6001,6001,0,11.615987,179.381724,88740000,2,0,3.80,0-3
A0b,64m,3,false,65540,79,47819273,5158,5158,843,31.719338999999998,1100.1564651100045,112920000,2,0,3.69,0-3
C,64m,4,true,,,-905770,1,180,5821,0,685.56194972,50210000,,,2.55,
A0,64m,4,false,65552,63,41273676,6001,6001,0,19.85026,181.217301,81780000,2,1,2.87,0-3
A0b,64m,4,false,65548,79,44095632,5873,5873,128,20.518041,354.91142188,131600000,2,0,4.75,0-3
A1,64m,4,false,65544,97,45552186,5972,5972,29,31.012496499999997,274.41001162999993,241570000,unset,84,6.39,0-3
A0,64m,5,false,65544,96,43782399,5456,5456,545,81.198724,492.38434985,301020000,2,0,9.15,0-3
A0b,64m,5,false,65552,79,47896782,5797,5797,203,34.86083,436.53804236,162930000,2,0,7.38,0-3
A1,64m,5,false,65668,71,39683229,5703,5703,298,17.989908,583.332992479986,98250000,unset,59,5.85,0-3
C,64m,5,true,,,-155202,26,107,5893,0,24.687513779999993,47470000,,,4.00,
A0b,64m,6,false,65544,77,29900758,5997,5997,4,8.596654,222.12129384,77340000,2,0,3.44,0-3
A1,64m,6,false,65552,65,30212332,5966,5966,35,8.3913555,284.5975708500003,82670000,unset,56,3.52,0-3
C,64m,6,true,,,-66193,53,119,5882,0,15.907503539999965,21640000,,,2.58,
A0,64m,6,false,65580,111,36321510,5452,5452,548,13.0522165,643.6832072799997,122170000,2,0,2.99,0-3
